{
  "train": {
    "rmse": 0.3342313560267551,
    "mae": 0.24958417497919938,
    "r2": 0.9965720091743341
  },
  "valid": {
    "rmse": 0.958883042613014,
    "mae": 0.74474347512617,
    "r2": 0.9745962343774015
  },
  "test": {
    "rmse": 1.104795995701827,
    "mae": 0.71893425445189,
    "r2": 0.9599772401782748
  }
}